-- phpMyAdmin SQL Dump
-- version 3.5.1
-- http://www.phpmyadmin.net
--
-- Host: localhost
-- Generation Time: Oct 30, 2012 at 02:38 AM
-- Server version: 5.5.25
-- PHP Version: 5.4.4

SET SQL_MODE="NO_AUTO_VALUE_ON_ZERO";
SET time_zone = "+00:00";

--
-- Database: `information_schema`
--
CREATE DATABASE `information_schema` DEFAULT CHARACTER SET utf8 COLLATE utf8_general_ci;
USE `information_schema`;

-- --------------------------------------------------------

--
-- Table structure for table `CHARACTER_SETS`
--

CREATE TEMPORARY TABLE `CHARACTER_SETS` (
  `CHARACTER_SET_NAME` varchar(32) NOT NULL DEFAULT '',
  `DEFAULT_COLLATE_NAME` varchar(32) NOT NULL DEFAULT '',
  `DESCRIPTION` varchar(60) NOT NULL DEFAULT '',
  `MAXLEN` bigint(3) NOT NULL DEFAULT '0'
) ENGINE=MEMORY DEFAULT CHARSET=utf8;

--
-- Dumping data for table `CHARACTER_SETS`
--

INSERT INTO `CHARACTER_SETS` (`CHARACTER_SET_NAME`, `DEFAULT_COLLATE_NAME`, `DESCRIPTION`, `MAXLEN`) VALUES
('big5', 'big5_chinese_ci', 'Big5 Traditional Chinese', 2),
('dec8', 'dec8_swedish_ci', 'DEC West European', 1),
('cp850', 'cp850_general_ci', 'DOS West European', 1),
('hp8', 'hp8_english_ci', 'HP West European', 1),
('koi8r', 'koi8r_general_ci', 'KOI8-R Relcom Russian', 1),
('latin1', 'latin1_swedish_ci', 'cp1252 West European', 1),
('latin2', 'latin2_general_ci', 'ISO 8859-2 Central European', 1),
('swe7', 'swe7_swedish_ci', '7bit Swedish', 1),
('ascii', 'ascii_general_ci', 'US ASCII', 1),
('ujis', 'ujis_japanese_ci', 'EUC-JP Japanese', 3),
('sjis', 'sjis_japanese_ci', 'Shift-JIS Japanese', 2),
('hebrew', 'hebrew_general_ci', 'ISO 8859-8 Hebrew', 1),
('tis620', 'tis620_thai_ci', 'TIS620 Thai', 1),
('euckr', 'euckr_korean_ci', 'EUC-KR Korean', 2),
('koi8u', 'koi8u_general_ci', 'KOI8-U Ukrainian', 1),
('gb2312', 'gb2312_chinese_ci', 'GB2312 Simplified Chinese', 2),
('greek', 'greek_general_ci', 'ISO 8859-7 Greek', 1),
('cp1250', 'cp1250_general_ci', 'Windows Central European', 1),
('gbk', 'gbk_chinese_ci', 'GBK Simplified Chinese', 2),
('latin5', 'latin5_turkish_ci', 'ISO 8859-9 Turkish', 1),
('armscii8', 'armscii8_general_ci', 'ARMSCII-8 Armenian', 1),
('utf8', 'utf8_general_ci', 'UTF-8 Unicode', 3),
('ucs2', 'ucs2_general_ci', 'UCS-2 Unicode', 2),
('cp866', 'cp866_general_ci', 'DOS Russian', 1),
('keybcs2', 'keybcs2_general_ci', 'DOS Kamenicky Czech-Slovak', 1),
('macce', 'macce_general_ci', 'Mac Central European', 1),
('macroman', 'macroman_general_ci', 'Mac West European', 1),
('cp852', 'cp852_general_ci', 'DOS Central European', 1),
('latin7', 'latin7_general_ci', 'ISO 8859-13 Baltic', 1),
('utf8mb4', 'utf8mb4_general_ci', 'UTF-8 Unicode', 4),
('cp1251', 'cp1251_general_ci', 'Windows Cyrillic', 1),
('utf16', 'utf16_general_ci', 'UTF-16 Unicode', 4),
('cp1256', 'cp1256_general_ci', 'Windows Arabic', 1),
('cp1257', 'cp1257_general_ci', 'Windows Baltic', 1),
('utf32', 'utf32_general_ci', 'UTF-32 Unicode', 4),
('binary', 'binary', 'Binary pseudo charset', 1),
('geostd8', 'geostd8_general_ci', 'GEOSTD8 Georgian', 1),
('cp932', 'cp932_japanese_ci', 'SJIS for Windows Japanese', 2),
('eucjpms', 'eucjpms_japanese_ci', 'UJIS for Windows Japanese', 3);

-- --------------------------------------------------------

--
-- Table structure for table `COLLATIONS`
--

CREATE TEMPORARY TABLE `COLLATIONS` (
  `COLLATION_NAME` varchar(32) NOT NULL DEFAULT '',
  `CHARACTER_SET_NAME` varchar(32) NOT NULL DEFAULT '',
  `ID` bigint(11) NOT NULL DEFAULT '0',
  `IS_DEFAULT` varchar(3) NOT NULL DEFAULT '',
  `IS_COMPILED` varchar(3) NOT NULL DEFAULT '',
  `SORTLEN` bigint(3) NOT NULL DEFAULT '0'
) ENGINE=MEMORY DEFAULT CHARSET=utf8;

--
-- Dumping data for table `COLLATIONS`
--

INSERT INTO `COLLATIONS` (`COLLATION_NAME`, `CHARACTER_SET_NAME`, `ID`, `IS_DEFAULT`, `IS_COMPILED`, `SORTLEN`) VALUES
('big5_chinese_ci', 'big5', 1, 'Yes', 'Yes', 1),
('big5_bin', 'big5', 84, '', 'Yes', 1),
('dec8_swedish_ci', 'dec8', 3, 'Yes', 'Yes', 1),
('dec8_bin', 'dec8', 69, '', 'Yes', 1),
('cp850_general_ci', 'cp850', 4, 'Yes', 'Yes', 1),
('cp850_bin', 'cp850', 80, '', 'Yes', 1),
('hp8_english_ci', 'hp8', 6, 'Yes', 'Yes', 1),
('hp8_bin', 'hp8', 72, '', 'Yes', 1),
('koi8r_general_ci', 'koi8r', 7, 'Yes', 'Yes', 1),
('koi8r_bin', 'koi8r', 74, '', 'Yes', 1),
('latin1_german1_ci', 'latin1', 5, '', 'Yes', 1),
('latin1_swedish_ci', 'latin1', 8, 'Yes', 'Yes', 1),
('latin1_danish_ci', 'latin1', 15, '', 'Yes', 1),
('latin1_german2_ci', 'latin1', 31, '', 'Yes', 2),
('latin1_bin', 'latin1', 47, '', 'Yes', 1),
('latin1_general_ci', 'latin1', 48, '', 'Yes', 1),
('latin1_general_cs', 'latin1', 49, '', 'Yes', 1),
('latin1_spanish_ci', 'latin1', 94, '', 'Yes', 1),
('latin2_czech_cs', 'latin2', 2, '', 'Yes', 4),
('latin2_general_ci', 'latin2', 9, 'Yes', 'Yes', 1),
('latin2_hungarian_ci', 'latin2', 21, '', 'Yes', 1),
('latin2_croatian_ci', 'latin2', 27, '', 'Yes', 1),
('latin2_bin', 'latin2', 77, '', 'Yes', 1),
('swe7_swedish_ci', 'swe7', 10, 'Yes', 'Yes', 1),
('swe7_bin', 'swe7', 82, '', 'Yes', 1),
('ascii_general_ci', 'ascii', 11, 'Yes', 'Yes', 1),
('ascii_bin', 'ascii', 65, '', 'Yes', 1),
('ujis_japanese_ci', 'ujis', 12, 'Yes', 'Yes', 1),
('ujis_bin', 'ujis', 91, '', 'Yes', 1),
('sjis_japanese_ci', 'sjis', 13, 'Yes', 'Yes', 1),
('sjis_bin', 'sjis', 88, '', 'Yes', 1),
('hebrew_general_ci', 'hebrew', 16, 'Yes', 'Yes', 1),
('hebrew_bin', 'hebrew', 71, '', 'Yes', 1),
('tis620_thai_ci', 'tis620', 18, 'Yes', 'Yes', 4),
('tis620_bin', 'tis620', 89, '', 'Yes', 1),
('euckr_korean_ci', 'euckr', 19, 'Yes', 'Yes', 1),
('euckr_bin', 'euckr', 85, '', 'Yes', 1),
('koi8u_general_ci', 'koi8u', 22, 'Yes', 'Yes', 1),
('koi8u_bin', 'koi8u', 75, '', 'Yes', 1),
('gb2312_chinese_ci', 'gb2312', 24, 'Yes', 'Yes', 1),
('gb2312_bin', 'gb2312', 86, '', 'Yes', 1),
('greek_general_ci', 'greek', 25, 'Yes', 'Yes', 1),
('greek_bin', 'greek', 70, '', 'Yes', 1),
('cp1250_general_ci', 'cp1250', 26, 'Yes', 'Yes', 1),
('cp1250_czech_cs', 'cp1250', 34, '', 'Yes', 2),
('cp1250_croatian_ci', 'cp1250', 44, '', 'Yes', 1),
('cp1250_bin', 'cp1250', 66, '', 'Yes', 1),
('cp1250_polish_ci', 'cp1250', 99, '', 'Yes', 1),
('gbk_chinese_ci', 'gbk', 28, 'Yes', 'Yes', 1),
('gbk_bin', 'gbk', 87, '', 'Yes', 1),
('latin5_turkish_ci', 'latin5', 30, 'Yes', 'Yes', 1),
('latin5_bin', 'latin5', 78, '', 'Yes', 1),
('armscii8_general_ci', 'armscii8', 32, 'Yes', 'Yes', 1),
('armscii8_bin', 'armscii8', 64, '', 'Yes', 1),
('utf8_general_ci', 'utf8', 33, 'Yes', 'Yes', 1),
('utf8_bin', 'utf8', 83, '', 'Yes', 1),
('utf8_unicode_ci', 'utf8', 192, '', 'Yes', 8),
('utf8_icelandic_ci', 'utf8', 193, '', 'Yes', 8),
('utf8_latvian_ci', 'utf8', 194, '', 'Yes', 8),
('utf8_romanian_ci', 'utf8', 195, '', 'Yes', 8),
('utf8_slovenian_ci', 'utf8', 196, '', 'Yes', 8),
('utf8_polish_ci', 'utf8', 197, '', 'Yes', 8),
('utf8_estonian_ci', 'utf8', 198, '', 'Yes', 8),
('utf8_spanish_ci', 'utf8', 199, '', 'Yes', 8),
('utf8_swedish_ci', 'utf8', 200, '', 'Yes', 8),
('utf8_turkish_ci', 'utf8', 201, '', 'Yes', 8),
('utf8_czech_ci', 'utf8', 202, '', 'Yes', 8),
('utf8_danish_ci', 'utf8', 203, '', 'Yes', 8),
('utf8_lithuanian_ci', 'utf8', 204, '', 'Yes', 8),
('utf8_slovak_ci', 'utf8', 205, '', 'Yes', 8),
('utf8_spanish2_ci', 'utf8', 206, '', 'Yes', 8),
('utf8_roman_ci', 'utf8', 207, '', 'Yes', 8),
('utf8_persian_ci', 'utf8', 208, '', 'Yes', 8),
('utf8_esperanto_ci', 'utf8', 209, '', 'Yes', 8),
('utf8_hungarian_ci', 'utf8', 210, '', 'Yes', 8),
('utf8_sinhala_ci', 'utf8', 211, '', 'Yes', 8),
('utf8_general_mysql500_ci', 'utf8', 223, '', 'Yes', 1),
('ucs2_general_ci', 'ucs2', 35, 'Yes', 'Yes', 1),
('ucs2_bin', 'ucs2', 90, '', 'Yes', 1),
('ucs2_unicode_ci', 'ucs2', 128, '', 'Yes', 8),
('ucs2_icelandic_ci', 'ucs2', 129, '', 'Yes', 8),
('ucs2_latvian_ci', 'ucs2', 130, '', 'Yes', 8),
('ucs2_romanian_ci', 'ucs2', 131, '', 'Yes', 8),
('ucs2_slovenian_ci', 'ucs2', 132, '', 'Yes', 8),
('ucs2_polish_ci', 'ucs2', 133, '', 'Yes', 8),
('ucs2_estonian_ci', 'ucs2', 134, '', 'Yes', 8),
('ucs2_spanish_ci', 'ucs2', 135, '', 'Yes', 8),
('ucs2_swedish_ci', 'ucs2', 136, '', 'Yes', 8),
('ucs2_turkish_ci', 'ucs2', 137, '', 'Yes', 8),
('ucs2_czech_ci', 'ucs2', 138, '', 'Yes', 8),
('ucs2_danish_ci', 'ucs2', 139, '', 'Yes', 8),
('ucs2_lithuanian_ci', 'ucs2', 140, '', 'Yes', 8),
('ucs2_slovak_ci', 'ucs2', 141, '', 'Yes', 8),
('ucs2_spanish2_ci', 'ucs2', 142, '', 'Yes', 8),
('ucs2_roman_ci', 'ucs2', 143, '', 'Yes', 8),
('ucs2_persian_ci', 'ucs2', 144, '', 'Yes', 8),
('ucs2_esperanto_ci', 'ucs2', 145, '', 'Yes', 8),
('ucs2_hungarian_ci', 'ucs2', 146, '', 'Yes', 8),
('ucs2_sinhala_ci', 'ucs2', 147, '', 'Yes', 8),
('ucs2_general_mysql500_ci', 'ucs2', 159, '', 'Yes', 1),
('cp866_general_ci', 'cp866', 36, 'Yes', 'Yes', 1),
('cp866_bin', 'cp866', 68, '', 'Yes', 1),
('keybcs2_general_ci', 'keybcs2', 37, 'Yes', 'Yes', 1),
('keybcs2_bin', 'keybcs2', 73, '', 'Yes', 1),
('macce_general_ci', 'macce', 38, 'Yes', 'Yes', 1),
('macce_bin', 'macce', 43, '', 'Yes', 1),
('macroman_general_ci', 'macroman', 39, 'Yes', 'Yes', 1),
('macroman_bin', 'macroman', 53, '', 'Yes', 1),
('cp852_general_ci', 'cp852', 40, 'Yes', 'Yes', 1),
('cp852_bin', 'cp852', 81, '', 'Yes', 1),
('latin7_estonian_cs', 'latin7', 20, '', 'Yes', 1),
('latin7_general_ci', 'latin7', 41, 'Yes', 'Yes', 1),
('latin7_general_cs', 'latin7', 42, '', 'Yes', 1),
('latin7_bin', 'latin7', 79, '', 'Yes', 1),
('utf8mb4_general_ci', 'utf8mb4', 45, 'Yes', 'Yes', 1),
('utf8mb4_bin', 'utf8mb4', 46, '', 'Yes', 1),
('utf8mb4_unicode_ci', 'utf8mb4', 224, '', 'Yes', 8),
('utf8mb4_icelandic_ci', 'utf8mb4', 225, '', 'Yes', 8),
('utf8mb4_latvian_ci', 'utf8mb4', 226, '', 'Yes', 8),
('utf8mb4_romanian_ci', 'utf8mb4', 227, '', 'Yes', 8),
('utf8mb4_slovenian_ci', 'utf8mb4', 228, '', 'Yes', 8),
('utf8mb4_polish_ci', 'utf8mb4', 229, '', 'Yes', 8),
('utf8mb4_estonian_ci', 'utf8mb4', 230, '', 'Yes', 8),
('utf8mb4_spanish_ci', 'utf8mb4', 231, '', 'Yes', 8),
('utf8mb4_swedish_ci', 'utf8mb4', 232, '', 'Yes', 8),
('utf8mb4_turkish_ci', 'utf8mb4', 233, '', 'Yes', 8),
('utf8mb4_czech_ci', 'utf8mb4', 234, '', 'Yes', 8),
('utf8mb4_danish_ci', 'utf8mb4', 235, '', 'Yes', 8),
('utf8mb4_lithuanian_ci', 'utf8mb4', 236, '', 'Yes', 8),
('utf8mb4_slovak_ci', 'utf8mb4', 237, '', 'Yes', 8),
('utf8mb4_spanish2_ci', 'utf8mb4', 238, '', 'Yes', 8),
('utf8mb4_roman_ci', 'utf8mb4', 239, '', 'Yes', 8),
('utf8mb4_persian_ci', 'utf8mb4', 240, '', 'Yes', 8),
('utf8mb4_esperanto_ci', 'utf8mb4', 241, '', 'Yes', 8),
('utf8mb4_hungarian_ci', 'utf8mb4', 242, '', 'Yes', 8),
('utf8mb4_sinhala_ci', 'utf8mb4', 243, '', 'Yes', 8),
('cp1251_bulgarian_ci', 'cp1251', 14, '', 'Yes', 1),
('cp1251_ukrainian_ci', 'cp1251', 23, '', 'Yes', 1),
('cp1251_bin', 'cp1251', 50, '', 'Yes', 1),
('cp1251_general_ci', 'cp1251', 51, 'Yes', 'Yes', 1),
('cp1251_general_cs', 'cp1251', 52, '', 'Yes', 1),
('utf16_general_ci', 'utf16', 54, 'Yes', 'Yes', 1),
('utf16_bin', 'utf16', 55, '', 'Yes', 1),
('utf16_unicode_ci', 'utf16', 101, '', 'Yes', 8),
('utf16_icelandic_ci', 'utf16', 102, '', 'Yes', 8),
('utf16_latvian_ci', 'utf16', 103, '', 'Yes', 8),
('utf16_romanian_ci', 'utf16', 104, '', 'Yes', 8),
('utf16_slovenian_ci', 'utf16', 105, '', 'Yes', 8),
('utf16_polish_ci', 'utf16', 106, '', 'Yes', 8),
('utf16_estonian_ci', 'utf16', 107, '', 'Yes', 8),
('utf16_spanish_ci', 'utf16', 108, '', 'Yes', 8),
('utf16_swedish_ci', 'utf16', 109, '', 'Yes', 8),
('utf16_turkish_ci', 'utf16', 110, '', 'Yes', 8),
('utf16_czech_ci', 'utf16', 111, '', 'Yes', 8),
('utf16_danish_ci', 'utf16', 112, '', 'Yes', 8),
('utf16_lithuanian_ci', 'utf16', 113, '', 'Yes', 8),
('utf16_slovak_ci', 'utf16', 114, '', 'Yes', 8),
('utf16_spanish2_ci', 'utf16', 115, '', 'Yes', 8),
('utf16_roman_ci', 'utf16', 116, '', 'Yes', 8),
('utf16_persian_ci', 'utf16', 117, '', 'Yes', 8),
('utf16_esperanto_ci', 'utf16', 118, '', 'Yes', 8),
('utf16_hungarian_ci', 'utf16', 119, '', 'Yes', 8),
('utf16_sinhala_ci', 'utf16', 120, '', 'Yes', 8),
('cp1256_general_ci', 'cp1256', 57, 'Yes', 'Yes', 1),
('cp1256_bin', 'cp1256', 67, '', 'Yes', 1),
('cp1257_lithuanian_ci', 'cp1257', 29, '', 'Yes', 1),
('cp1257_bin', 'cp1257', 58, '', 'Yes', 1),
('cp1257_general_ci', 'cp1257', 59, 'Yes', 'Yes', 1),
('utf32_general_ci', 'utf32', 60, 'Yes', 'Yes', 1),
('utf32_bin', 'utf32', 61, '', 'Yes', 1),
('utf32_unicode_ci', 'utf32', 160, '', 'Yes', 8),
('utf32_icelandic_ci', 'utf32', 161, '', 'Yes', 8),
('utf32_latvian_ci', 'utf32', 162, '', 'Yes', 8),
('utf32_romanian_ci', 'utf32', 163, '', 'Yes', 8),
('utf32_slovenian_ci', 'utf32', 164, '', 'Yes', 8),
('utf32_polish_ci', 'utf32', 165, '', 'Yes', 8),
('utf32_estonian_ci', 'utf32', 166, '', 'Yes', 8),
('utf32_spanish_ci', 'utf32', 167, '', 'Yes', 8),
('utf32_swedish_ci', 'utf32', 168, '', 'Yes', 8),
('utf32_turkish_ci', 'utf32', 169, '', 'Yes', 8),
('utf32_czech_ci', 'utf32', 170, '', 'Yes', 8),
('utf32_danish_ci', 'utf32', 171, '', 'Yes', 8),
('utf32_lithuanian_ci', 'utf32', 172, '', 'Yes', 8),
('utf32_slovak_ci', 'utf32', 173, '', 'Yes', 8),
('utf32_spanish2_ci', 'utf32', 174, '', 'Yes', 8),
('utf32_roman_ci', 'utf32', 175, '', 'Yes', 8),
('utf32_persian_ci', 'utf32', 176, '', 'Yes', 8),
('utf32_esperanto_ci', 'utf32', 177, '', 'Yes', 8),
('utf32_hungarian_ci', 'utf32', 178, '', 'Yes', 8),
('utf32_sinhala_ci', 'utf32', 179, '', 'Yes', 8),
('binary', 'binary', 63, 'Yes', 'Yes', 1),
('geostd8_general_ci', 'geostd8', 92, 'Yes', 'Yes', 1),
('geostd8_bin', 'geostd8', 93, '', 'Yes', 1),
('cp932_japanese_ci', 'cp932', 95, 'Yes', 'Yes', 1),
('cp932_bin', 'cp932', 96, '', 'Yes', 1),
('eucjpms_japanese_ci', 'eucjpms', 97, 'Yes', 'Yes', 1),
('eucjpms_bin', 'eucjpms', 98, '', 'Yes', 1);

-- --------------------------------------------------------

--
-- Table structure for table `COLLATION_CHARACTER_SET_APPLICABILITY`
--

CREATE TEMPORARY TABLE `COLLATION_CHARACTER_SET_APPLICABILITY` (
  `COLLATION_NAME` varchar(32) NOT NULL DEFAULT '',
  `CHARACTER_SET_NAME` varchar(32) NOT NULL DEFAULT ''
) ENGINE=MEMORY DEFAULT CHARSET=utf8;

--
-- Dumping data for table `COLLATION_CHARACTER_SET_APPLICABILITY`
--

INSERT INTO `COLLATION_CHARACTER_SET_APPLICABILITY` (`COLLATION_NAME`, `CHARACTER_SET_NAME`) VALUES
('big5_chinese_ci', 'big5'),
('big5_bin', 'big5'),
('dec8_swedish_ci', 'dec8'),
('dec8_bin', 'dec8'),
('cp850_general_ci', 'cp850'),
('cp850_bin', 'cp850'),
('hp8_english_ci', 'hp8'),
('hp8_bin', 'hp8'),
('koi8r_general_ci', 'koi8r'),
('koi8r_bin', 'koi8r'),
('latin1_german1_ci', 'latin1'),
('latin1_swedish_ci', 'latin1'),
('latin1_danish_ci', 'latin1'),
('latin1_german2_ci', 'latin1'),
('latin1_bin', 'latin1'),
('latin1_general_ci', 'latin1'),
('latin1_general_cs', 'latin1'),
('latin1_spanish_ci', 'latin1'),
('latin2_czech_cs', 'latin2'),
('latin2_general_ci', 'latin2'),
('latin2_hungarian_ci', 'latin2'),
('latin2_croatian_ci', 'latin2'),
('latin2_bin', 'latin2'),
('swe7_swedish_ci', 'swe7'),
('swe7_bin', 'swe7'),
('ascii_general_ci', 'ascii'),
('ascii_bin', 'ascii'),
('ujis_japanese_ci', 'ujis'),
('ujis_bin', 'ujis'),
('sjis_japanese_ci', 'sjis'),
('sjis_bin', 'sjis'),
('hebrew_general_ci', 'hebrew'),
('hebrew_bin', 'hebrew'),
('tis620_thai_ci', 'tis620'),
('tis620_bin', 'tis620'),
('euckr_korean_ci', 'euckr'),
('euckr_bin', 'euckr'),
('koi8u_general_ci', 'koi8u'),
('koi8u_bin', 'koi8u'),
('gb2312_chinese_ci', 'gb2312'),
('gb2312_bin', 'gb2312'),
('greek_general_ci', 'greek'),
('greek_bin', 'greek'),
('cp1250_general_ci', 'cp1250'),
('cp1250_czech_cs', 'cp1250'),
('cp1250_croatian_ci', 'cp1250'),
('cp1250_bin', 'cp1250'),
('cp1250_polish_ci', 'cp1250'),
('gbk_chinese_ci', 'gbk'),
('gbk_bin', 'gbk'),
('latin5_turkish_ci', 'latin5'),
('latin5_bin', 'latin5'),
('armscii8_general_ci', 'armscii8'),
('armscii8_bin', 'armscii8'),
('utf8_general_ci', 'utf8'),
('utf8_bin', 'utf8'),
('utf8_unicode_ci', 'utf8'),
('utf8_icelandic_ci', 'utf8'),
('utf8_latvian_ci', 'utf8'),
('utf8_romanian_ci', 'utf8'),
('utf8_slovenian_ci', 'utf8'),
('utf8_polish_ci', 'utf8'),
('utf8_estonian_ci', 'utf8'),
('utf8_spanish_ci', 'utf8'),
('utf8_swedish_ci', 'utf8'),
('utf8_turkish_ci', 'utf8'),
('utf8_czech_ci', 'utf8'),
('utf8_danish_ci', 'utf8'),
('utf8_lithuanian_ci', 'utf8'),
('utf8_slovak_ci', 'utf8'),
('utf8_spanish2_ci', 'utf8'),
('utf8_roman_ci', 'utf8'),
('utf8_persian_ci', 'utf8'),
('utf8_esperanto_ci', 'utf8'),
('utf8_hungarian_ci', 'utf8'),
('utf8_sinhala_ci', 'utf8'),
('utf8_general_mysql500_ci', 'utf8'),
('ucs2_general_ci', 'ucs2'),
('ucs2_bin', 'ucs2'),
('ucs2_unicode_ci', 'ucs2'),
('ucs2_icelandic_ci', 'ucs2'),
('ucs2_latvian_ci', 'ucs2'),
('ucs2_romanian_ci', 'ucs2'),
('ucs2_slovenian_ci', 'ucs2'),
('ucs2_polish_ci', 'ucs2'),
('ucs2_estonian_ci', 'ucs2'),
('ucs2_spanish_ci', 'ucs2'),
('ucs2_swedish_ci', 'ucs2'),
('ucs2_turkish_ci', 'ucs2'),
('ucs2_czech_ci', 'ucs2'),
('ucs2_danish_ci', 'ucs2'),
('ucs2_lithuanian_ci', 'ucs2'),
('ucs2_slovak_ci', 'ucs2'),
('ucs2_spanish2_ci', 'ucs2'),
('ucs2_roman_ci', 'ucs2'),
('ucs2_persian_ci', 'ucs2'),
('ucs2_esperanto_ci', 'ucs2'),
('ucs2_hungarian_ci', 'ucs2'),
('ucs2_sinhala_ci', 'ucs2'),
('ucs2_general_mysql500_ci', 'ucs2'),
('cp866_general_ci', 'cp866'),
('cp866_bin', 'cp866'),
('keybcs2_general_ci', 'keybcs2'),
('keybcs2_bin', 'keybcs2'),
('macce_general_ci', 'macce'),
('macce_bin', 'macce'),
('macroman_general_ci', 'macroman'),
('macroman_bin', 'macroman'),
('cp852_general_ci', 'cp852'),
('cp852_bin', 'cp852'),
('latin7_estonian_cs', 'latin7'),
('latin7_general_ci', 'latin7'),
('latin7_general_cs', 'latin7'),
('latin7_bin', 'latin7'),
('utf8mb4_general_ci', 'utf8mb4'),
('utf8mb4_bin', 'utf8mb4'),
('utf8mb4_unicode_ci', 'utf8mb4'),
('utf8mb4_icelandic_ci', 'utf8mb4'),
('utf8mb4_latvian_ci', 'utf8mb4'),
('utf8mb4_romanian_ci', 'utf8mb4'),
('utf8mb4_slovenian_ci', 'utf8mb4'),
('utf8mb4_polish_ci', 'utf8mb4'),
('utf8mb4_estonian_ci', 'utf8mb4'),
('utf8mb4_spanish_ci', 'utf8mb4'),
('utf8mb4_swedish_ci', 'utf8mb4'),
('utf8mb4_turkish_ci', 'utf8mb4'),
('utf8mb4_czech_ci', 'utf8mb4'),
('utf8mb4_danish_ci', 'utf8mb4'),
('utf8mb4_lithuanian_ci', 'utf8mb4'),
('utf8mb4_slovak_ci', 'utf8mb4'),
('utf8mb4_spanish2_ci', 'utf8mb4'),
('utf8mb4_roman_ci', 'utf8mb4'),
('utf8mb4_persian_ci', 'utf8mb4'),
('utf8mb4_esperanto_ci', 'utf8mb4'),
('utf8mb4_hungarian_ci', 'utf8mb4'),
('utf8mb4_sinhala_ci', 'utf8mb4'),
('cp1251_bulgarian_ci', 'cp1251'),
('cp1251_ukrainian_ci', 'cp1251'),
('cp1251_bin', 'cp1251'),
('cp1251_general_ci', 'cp1251'),
('cp1251_general_cs', 'cp1251'),
('utf16_general_ci', 'utf16'),
('utf16_bin', 'utf16'),
('utf16_unicode_ci', 'utf16'),
('utf16_icelandic_ci', 'utf16'),
('utf16_latvian_ci', 'utf16'),
('utf16_romanian_ci', 'utf16'),
('utf16_slovenian_ci', 'utf16'),
('utf16_polish_ci', 'utf16'),
('utf16_estonian_ci', 'utf16'),
('utf16_spanish_ci', 'utf16'),
('utf16_swedish_ci', 'utf16'),
('utf16_turkish_ci', 'utf16'),
('utf16_czech_ci', 'utf16'),
('utf16_danish_ci', 'utf16'),
('utf16_lithuanian_ci', 'utf16'),
('utf16_slovak_ci', 'utf16'),
('utf16_spanish2_ci', 'utf16'),
('utf16_roman_ci', 'utf16'),
('utf16_persian_ci', 'utf16'),
('utf16_esperanto_ci', 'utf16'),
('utf16_hungarian_ci', 'utf16'),
('utf16_sinhala_ci', 'utf16'),
('cp1256_general_ci', 'cp1256'),
('cp1256_bin', 'cp1256'),
('cp1257_lithuanian_ci', 'cp1257'),
('cp1257_bin', 'cp1257'),
('cp1257_general_ci', 'cp1257'),
('utf32_general_ci', 'utf32'),
('utf32_bin', 'utf32'),
('utf32_unicode_ci', 'utf32'),
('utf32_icelandic_ci', 'utf32'),
('utf32_latvian_ci', 'utf32'),
('utf32_romanian_ci', 'utf32'),
('utf32_slovenian_ci', 'utf32'),
('utf32_polish_ci', 'utf32'),
('utf32_estonian_ci', 'utf32'),
('utf32_spanish_ci', 'utf32'),
('utf32_swedish_ci', 'utf32'),
('utf32_turkish_ci', 'utf32'),
('utf32_czech_ci', 'utf32'),
('utf32_danish_ci', 'utf32'),
('utf32_lithuanian_ci', 'utf32'),
('utf32_slovak_ci', 'utf32'),
('utf32_spanish2_ci', 'utf32'),
('utf32_roman_ci', 'utf32'),
('utf32_persian_ci', 'utf32'),
('utf32_esperanto_ci', 'utf32'),
('utf32_hungarian_ci', 'utf32'),
('utf32_sinhala_ci', 'utf32'),
('binary', 'binary'),
('geostd8_general_ci', 'geostd8'),
('geostd8_bin', 'geostd8'),
('cp932_japanese_ci', 'cp932'),
('cp932_bin', 'cp932'),
('eucjpms_japanese_ci', 'eucjpms'),
('eucjpms_bin', 'eucjpms');

-- --------------------------------------------------------

--
-- Table structure for table `COLUMNS`
--

CREATE TEMPORARY TABLE `COLUMNS` (
  `TABLE_CATALOG` varchar(512) NOT NULL DEFAULT '',
  `TABLE_SCHEMA` varchar(64) NOT NULL DEFAULT '',
  `TABLE_NAME` varchar(64) NOT NULL DEFAULT '',
  `COLUMN_NAME` varchar(64) NOT NULL DEFAULT '',
  `ORDINAL_POSITION` bigint(21) unsigned NOT NULL DEFAULT '0',
  `COLUMN_DEFAULT` longtext,
  `IS_NULLABLE` varchar(3) NOT NULL DEFAULT '',
  `DATA_TYPE` varchar(64) NOT NULL DEFAULT '',
  `CHARACTER_MAXIMUM_LENGTH` bigint(21) unsigned DEFAULT NULL,
  `CHARACTER_OCTET_LENGTH` bigint(21) unsigned DEFAULT NULL,
  `NUMERIC_PRECISION` bigint(21) unsigned DEFAULT NULL,
  `NUMERIC_SCALE` bigint(21) unsigned DEFAULT NULL,
  `CHARACTER_SET_NAME` varchar(32) DEFAULT NULL,
  `COLLATION_NAME` varchar(32) DEFAULT NULL,
  `COLUMN_TYPE` longtext NOT NULL,
  `COLUMN_KEY` varchar(3) NOT NULL DEFAULT '',
  `EXTRA` varchar(27) NOT NULL DEFAULT '',
  `PRIVILEGES` varchar(80) NOT NULL DEFAULT '',
  `COLUMN_COMMENT` varchar(1024) NOT NULL DEFAULT ''
) ENGINE=MyISAM DEFAULT CHARSET=utf8;

--
-- Dumping data for table `COLUMNS`
--

INSERT INTO `COLUMNS` (`TABLE_CATALOG`, `TABLE_SCHEMA`, `TABLE_NAME`, `COLUMN_NAME`, `ORDINAL_POSITION`, `COLUMN_DEFAULT`, `IS_NULLABLE`, `DATA_TYPE`, `CHARACTER_MAXIMUM_LENGTH`, `CHARACTER_OCTET_LENGTH`, `NUMERIC_PRECISION`, `NUMERIC_SCALE`, `CHARACTER_SET_NAME`, `COLLATION_NAME`, `COLUMN_TYPE`, `COLUMN_KEY`, `EXTRA`, `PRIVILEGES`, `COLUMN_COMMENT`) VALUES
('def', 'information_schema', 'CHARACTER_SETS', 'CHARACTER_SET_NAME', 1, '', 'NO', 'varchar', 32, 96, NULL, NULL, 'utf8', 'utf8_general_ci', 'varchar(32)', '', '', 'select', ''),
('def', 'information_schema', 'CHARACTER_SETS', 'DEFAULT_COLLATE_NAME', 2, '', 'NO', 'varchar', 32, 96, NULL, NULL, 'utf8', 'utf8_general_ci', 'varchar(32)', '', '', 'select', ''),
('def', 'information_schema', 'CHARACTER_SETS', 'DESCRIPTION', 3, '', 'NO', 'varchar', 60, 180, NULL, NULL, 'utf8', 'utf8_general_ci', 'varchar(60)', '', '', 'select', ''),
('def', 'information_schema', 'CHARACTER_SETS', 'MAXLEN', 4, '0', 'NO', 'bigint', NULL, NULL, 19, 0, NULL, NULL, 'bigint(3)', '', '', 'select', ''),
('def', 'information_schema', 'COLLATIONS', 'COLLATION_NAME', 1, '', 'NO', 'varchar', 32, 96, NULL, NULL, 'utf8', 'utf8_general_ci', 'varchar(32)', '', '', 'select', ''),
('def', 'information_schema', 'COLLATIONS', 'CHARACTER_SET_NAME', 2, '', 'NO', 'varchar', 32, 96, NULL, NULL, 'utf8', 'utf8_general_ci', 'varchar(32)', '', '', 'select', ''),
('def', 'information_schema', 'COLLATIONS', 'ID', 3, '0', 'NO', 'bigint', NULL, NULL, 19, 0, NULL, NULL, 'bigint(11)', '', '', 'select', ''),
('def', 'information_schema', 'COLLATIONS', 'IS_DEFAULT', 4, '', 'NO', 'varchar', 3, 9, NULL, NULL, 'utf8', 'utf8_general_ci', 'varchar(3)', '', '', 'select', ''),
('def', 'information_schema', 'COLLATIONS', 'IS_COMPILED', 5, '', 'NO', 'varchar', 3, 9, NULL, NULL, 'utf8', 'utf8_general_ci', 'varchar(3)', '', '', 'select', ''),
('def', 'information_schema', 'COLLATIONS', 'SORTLEN', 6, '0', 'NO', 'bigint', NULL, NULL, 19, 0, NULL, NULL, 'bigint(3)', '', '', 'select', ''),
('def', 'information_schema', 'COLLATION_CHARACTER_SET_APPLICABILITY', 'COLLATION_NAME', 1, '', 'NO', 'varchar', 32, 96, NULL, NULL, 'utf8', 'utf8_general_ci', 'varchar(32)', '', '', 'select', ''),
('def', 'information_schema', 'COLLATION_CHARACTER_SET_APPLICABILITY', 'CHARACTER_SET_NAME', 2, '', 'NO', 'varchar', 32, 96, NULL, NULL, 'utf8', 'utf8_general_ci', 'varchar(32)', '', '', 'select', ''),
('def', 'information_schema', 'COLUMNS', 'TABLE_CATALOG', 1, '', 'NO', 'varchar', 512, 1536, NULL, NULL, 'utf8', 'utf8_general_ci', 'varchar(512)', '', '', 'select', ''),
('def', 'information_schema', 'COLUMNS', 'TABLE_SCHEMA', 2, '', 'NO', 'varchar', 64, 192, NULL, NULL, 'utf8', 'utf8_general_ci', 'varchar(64)', '', '', 'select', ''),
('def', 'information_schema', 'COLUMNS', 'TABLE_NAME', 3, '', 'NO', 'varchar', 64, 192, NULL, NULL, 'utf8', 'utf8_general_ci', 'varchar(64)', '', '', 'select', ''),
('def', 'information_schema', 'COLUMNS', 'COLUMN_NAME', 4, '', 'NO', 'varchar', 64, 192, NULL, NULL, 'utf8', 'utf8_general_ci', 'varchar(64)', '', '', 'select', ''),
('def', 'information_schema', 'COLUMNS', 'ORDINAL_POSITION', 5, '0', 'NO', 'bigint', NULL, NULL, 20, 0, NULL, NULL, 'bigint(21) unsigned', '', '', 'select', ''),
('def', 'information_schema', 'COLUMNS', 'COLUMN_DEFAULT', 6, NULL, 'YES', 'longtext', 4294967295, 4294967295, NULL, NULL, 'utf8', 'utf8_general_ci', 'longtext', '', '', 'select', ''),
('def', 'information_schema', 'COLUMNS', 'IS_NULLABLE', 7, '', 'NO', 'varchar', 3, 9, NULL, NULL, 'utf8', 'utf8_general_ci', 'varchar(3)', '', '', 'select', ''),
('def', 'information_schema', 'COLUMNS', 'DATA_TYPE', 8, '', 'NO', 'varchar', 64, 192, NULL, NULL, 'utf8', 'utf8_general_ci', 'varchar(64)', '', '', 'select', ''),
('def', 'information_schema', 'COLUMNS', 'CHARACTER_MAXIMUM_LENGTH', 9, NULL, 'YES', 'bigint', NULL, NULL, 20, 0, NULL, NULL, 'bigint(21) unsigned', '', '', 'select', ''),
('def', 'information_schema', 'COLUMNS', 'CHARACTER_OCTET_LENGTH', 10, NULL, 'YES', 'bigint', NULL, NULL, 20, 0, NULL, NULL, 'bigint(21) unsigned', '', '', 'select', ''),
('def', 'information_schema', 'COLUMNS', 'NUMERIC_PRECISION', 11, NULL, 'YES', 'bigint', NULL, NULL, 20, 0, NULL, NULL, 'bigint(21) unsigned', '', '', 'select', ''),
('def', 'information_schema', 'COLUMNS', 'NUMERIC_SCALE', 12, NULL, 'YES', 'bigint', NULL, NULL, 20, 0, NULL, NULL, 'bigint(21) unsigned', '', '', 'select', ''),
('def', 'information_schema', 'COLUMNS', 'CHARACTER_SET_NAME', 13, NULL, 'YES', 'varchar', 32, 96, NULL, NULL, 'utf8', 'utf8_general_ci', 'varchar(32)', '', '', 'select', ''),
('def', 'information_schema', 'COLUMNS', 'COLLATION_NAME', 14, NULL, 'YES', 'varchar', 32, 96, NULL, NULL, 'utf8', 'utf8_general_ci', 'varchar(32)', '', '', 'select', ''),
('def', 'information_schema', 'COLUMNS', 'COLUMN_TYPE', 15, NULL, 'NO', 'longtext', 4294967295, 4294967295, NULL, NULL, 'utf8', 'utf8_general_ci', 'longtext', '', '', 'select', ''),
('def', 'information_schema', 'COLUMNS', 'COLUMN_KEY', 16, '', 'NO', 'varchar', 3, 9, NULL, NULL, 'utf8', 'utf8_general_ci', 'varchar(3)', '', '', 'select', ''),
('def', 'information_schema', 'COLUMNS', 'EXTRA', 17, '', 'NO', 'varchar', 27, 81, NULL, NULL, 'utf8', 'utf8_general_ci', 'varchar(27)', '', '', 'select', ''),
('def', 'information_schema', 'COLUMNS', 'PRIVILEGES', 18, '', 'NO', 'varchar', 80, 240, NULL, NULL, 'utf8', 'utf8_general_ci', 'varchar(80)', '', '', 'select', ''),
('def', 'information_schema', 'COLUMNS', 'COLUMN_COMMENT', 19, '', 'NO', 'varchar', 1024, 3072, NULL, NULL, 'utf8', 'utf8_general_ci', 'varchar(1024)', '', '', 'select', ''),
('def', 'information_schema', 'COLUMN_PRIVILEGES', 'GRANTEE', 1, '', 'NO', 'varchar', 81, 243, NULL, NULL, 'utf8', 'utf8_general_ci', 'varchar(81)', '', '', 'select', ''),
('def', 'information_schema', 'COLUMN_PRIVILEGES', 'TABLE_CATALOG', 2, '', 'NO', 'varchar', 512, 1536, NULL, NULL, 'utf8', 'utf8_general_ci', 'varchar(512)', '', '', 'select', ''),
('def', 'information_schema', 'COLUMN_PRIVILEGES', 'TABLE_SCHEMA', 3, '', 'NO', 'varchar', 64, 192, NULL, NULL, 'utf8', 'utf8_general_ci', 'varchar(64)', '', '', 'select', ''),
('def', 'information_schema', 'COLUMN_PRIVILEGES', 'TABLE_NAME', 4, '', 'NO', 'varchar', 64, 192, NULL, NULL, 'utf8', 'utf8_general_ci', 'varchar(64)', '', '', 'select', ''),
('def', 'information_schema', 'COLUMN_PRIVILEGES', 'COLUMN_NAME', 5, '', 'NO', 'varchar', 64, 192, NULL, NULL, 'utf8', 'utf8_general_ci', 'varchar(64)', '', '', 'select', ''),
('def', 'information_schema', 'COLUMN_PRIVILEGES', 'PRIVILEGE_TYPE', 6, '', 'NO', 'varchar', 64, 192, NULL, NULL, 'utf8', 'utf8_general_ci', 'varchar(64)', '', '', 'select', ''),
('def', 'information_schema', 'COLUMN_PRIVILEGES', 'IS_GRANTABLE', 7, '', 'NO', 'varchar', 3, 9, NULL, NULL, 'utf8', 'utf8_general_ci', 'varchar(3)', '', '', 'select', ''),
('def', 'information_schema', 'ENGINES', 'ENGINE', 1, '', 'NO', 'varchar', 64, 192, NULL, NULL, 'utf8', 'utf8_general_ci', 'varchar(64)', '', '', 'select', ''),
('def', 'information_schema', 'ENGINES', 'SUPPORT', 2, '', 'NO', 'varchar', 8, 24, NULL, NULL, 'utf8', 'utf8_general_ci', 'varchar(8)', '', '', 'select', ''),
('def', 'information_schema', 'ENGINES', 'COMMENT', 3, '', 'NO', 'varchar', 80, 240, NULL, NULL, 'utf8', 'utf8_general_ci', 'varchar(80)', '', '', 'select', ''),
('def', 'information_schema', 'ENGINES', 'TRANSACTIONS', 4, NULL, 'YES', 'varchar', 3, 9, NULL, NULL, 'utf8', 'utf8_general_ci', 'varchar(3)', '', '', 'select', ''),
('def', 'information_schema', 'ENGINES', 'XA', 5, NULL, 'YES', 'varchar', 3, 9, NULL, NULL, 'utf8', 'utf8_general_ci', 'varchar(3)', '', '', 'select', ''),
('def', 'information_schema', 'ENGINES', 'SAVEPOINTS', 6, NULL, 'YES', 'varchar', 3, 9, NULL, NULL, 'utf8', 'utf8_general_ci', 'varchar(3)', '', '', 'select', ''),
('def', 'information_schema', 'EVENTS', 'EVENT_CATALOG', 1, '', 'NO', 'varchar', 64, 192, NULL, NULL, 'utf8', 'utf8_general_ci', 'varchar(64)', '', '', 'select', ''),
('def', 'information_schema', 'EVENTS', 'EVENT_SCHEMA', 2, '', 'NO', 'varchar', 64, 192, NULL, NULL, 'utf8', 'utf8_general_ci', 'varchar(64)', '', '', 'select', ''),
('def', 'information_schema', 'EVENTS', 'EVENT_NAME', 3, '', 'NO', 'varchar', 64, 192, NULL, NULL, 'utf8', 'utf8_general_ci', 'varchar(64)', '', '', 'select', ''),
('def', 'information_schema', 'EVENTS', 'DEFINER', 4, '', 'NO', 'varchar', 77, 231, NULL, NULL, 'utf8', 'utf8_general_ci', 'varchar(77)', '', '', 'select', ''),
('def', 'information_schema', 'EVENTS', 'TIME_ZONE', 5, '', 'NO', 'varchar', 64, 192, NULL, NULL, 'utf8', 'utf8_general_ci', 'varchar(64)', '', '', 'select', ''),
('def', 'information_schema', 'EVENTS', 'EVENT_BODY', 6, '', 'NO', 'varchar', 8, 24, NULL, NULL, 'utf8', 'utf8_general_ci', 'varchar(8)', '', '', 'select', ''),
('def', 'information_schema', 'EVENTS', 'EVENT_DEFINITION', 7, NULL, 'NO', 'longtext', 4294967295, 4294967295, NULL, NULL, 'utf8', 'utf8_general_ci', 'longtext', '', '', 'select', ''),
('def', 'information_schema', 'EVENTS', 'EVENT_TYPE', 8, '', 'NO', 'varchar', 9, 27, NULL, NULL, 'utf8', 'utf8_general_ci', 'varchar(9)', '', '', 'select', ''),
('def', 'information_schema', 'EVENTS', 'EXECUTE_AT', 9, NULL, 'YES', 'datetime', NULL, NULL, NULL, NULL, NULL, NULL, 'datetime', '', '', 'select', ''),
('def', 'information_schema', 'EVENTS', 'INTERVAL_VALUE', 10, NULL, 'YES', 'varchar', 256, 768, NULL, NULL, 'utf8', 'utf8_general_ci', 'varchar(256)', '', '', 'select', ''),
('def', 'information_schema', 'EVENTS', 'INTERVAL_FIELD', 11, NULL, 'YES', 'varchar', 18, 54, NULL, NULL, 'utf8', 'utf8_general_ci', 'varchar(18)', '', '', 'select', ''),
('def', 'information_schema', 'EVENTS', 'SQL_MODE', 12, '', 'NO', 'varchar', 8192, 24576, NULL, NULL, 'utf8', 'utf8_general_ci', 'varchar(8192)', '', '', 'select', ''),
('def', 'information_schema', 'EVENTS', 'STARTS', 13, NULL, 'YES', 'datetime', NULL, NULL, NULL, NULL, NULL, NULL, 'datetime', '', '', 'select', ''),
('def', 'information_schema', 'EVENTS', 'ENDS', 14, NULL, 'YES', 'datetime', NULL, NULL, NULL, NULL, NULL, NULL, 'datetime', '', '', 'select', ''),
('def', 'information_schema', 'EVENTS', 'STATUS', 15, '', 'NO', 'varchar', 18, 54, NULL, NULL, 'utf8', 'utf8_general_ci', 'varchar(18)', '', '', 'select', ''),
('def', 'information_schema', 'EVENTS', 'ON_COMPLETION', 16, '', 'NO', 'varchar', 12, 36, NULL, NULL, 'utf8', 'utf8_general_ci', 'varchar(12)', '', '', 'select', ''),
('def', 'information_schema', 'EVENTS', 'CREATED', 17, '0000-00-00 00:00:00', 'NO', 'datetime', NULL, NULL, NULL, NULL, NULL, NULL, 'datetime', '', '', 'select', ''),
('def', 'information_schema', 'EVENTS', 'LAST_ALTERED', 18, '0000-00-00 00:00:00', 'NO', 'datetime', NULL, NULL, NULL, NULL, NULL, NULL, 'datetime', '', '', 'select', ''),
('def', 'information_schema', 'EVENTS', 'LAST_EXECUTED', 19, NULL, 'YES', 'datetime', NULL, NULL, NULL, NULL, NULL, NULL, 'datetime', '', '', 'select', ''),
('def', 'information_schema', 'EVENTS', 'EVENT_COMMENT', 20, '', 'NO', 'varchar', 64, 192, NULL, NULL, 'utf8', 'utf8_general_ci', 'varchar(64)', '', '', 'select', ''),
('def', 'information_schema', 'EVENTS', 'ORIGINATOR', 21, '0', 'NO', 'bigint', NULL, NULL, 19, 0, NULL, NULL, 'bigint(10)', '', '', 'select', ''),
('def', 'information_schema', 'EVENTS', 'CHARACTER_SET_CLIENT', 22, '', 'NO', 'varchar', 32, 96, NULL, NULL, 'utf8', 'utf8_general_ci', 'varchar(32)', '', '', 'select', ''),
('def', 'information_schema', 'EVENTS', 'COLLATION_CONNECTION', 23, '', 'NO', 'varchar', 32, 96, NULL, NULL, 'utf8', 'utf8_general_ci', 'varchar(32)', '', '', 'select', ''),
('def', 'information_schema', 'EVENTS', 'DATABASE_COLLATION', 24, '', 'NO', 'varchar', 32, 96, NULL, NULL, 'utf8', 'utf8_general_ci', 'varchar(32)', '', '', 'select', ''),
('def', 'information_schema', 'FILES', 'FILE_ID', 1, '0', 'NO', 'bigint', NULL, NULL, 19, 0, NULL, NULL, 'bigint(4)', '', '', 'select', ''),
('def', 'information_schema', 'FILES', 'FILE_NAME', 2, NULL, 'YES', 'varchar', 64, 192, NULL, NULL, 'utf8', 'utf8_general_ci', 'varchar(64)', '', '', 'select', ''),
('def', 'information_schema', 'FILES', 'FILE_TYPE', 3, '', 'NO', 'varchar', 20, 60, NULL, NULL, 'utf8', 'utf8_general_ci', 'varchar(20)', '', '', 'select', ''),
('def', 'information_schema', 'FILES', 'TABLESPACE_NAME', 4, NULL, 'YES', 'varchar', 64, 192, NULL, NULL, 'utf8', 'utf8_general_ci', 'varchar(64)', '', '', 'select', ''),
('def', 'information_schema', 'FILES', 'TABLE_CATALOG', 5, '', 'NO', 'varchar', 64, 192, NULL, NULL, 'utf8', 'utf8_general_ci', 'varchar(64)', '', '', 'select', ''),
('def', 'information_schema', 'FILES', 'TABLE_SCHEMA', 6, NULL, 'YES', 'varchar', 64, 192, NULL, NULL, 'utf8', 'utf8_general_ci', 'varchar(64)', '', '', 'select', ''),
('def', 'information_schema', 'FILES', 'TABLE_NAME', 7, NULL, 'YES', 'varchar', 64, 192, NULL, NULL, 'utf8', 'utf8_general_ci', 'varchar(64)', '', '', 'select', ''),
('def', 'information_schema', 'FILES', 'LOGFILE_GROUP_NAME', 8, NULL, 'YES', 'varchar', 64, 192, NULL, NULL, 'utf8', 'utf8_general_ci', 'varchar(64)', '', '', 'select', ''),
('def', 'information_schema', 'FILES', 'LOGFILE_GROUP_NUMBER', 9, NULL, 'YES', 'bigint', NULL, NULL, 19, 0, NULL, NULL, 'bigint(4)', '', '', 'select', ''),
('def', 'information_schema', 'FILES', 'ENGINE', 10, '', 'NO', 'varchar', 64, 192, NULL, NULL, 'utf8', 'utf8_general_ci', 'varchar(64)', '', '', 'select', ''),
('def', 'information_schema', 'FILES', 'FULLTEXT_KEYS', 11, NULL, 'YES', 'varchar', 64, 192, NULL, NULL, 'utf8', 'utf8_general_ci', 'varchar(64)', '', '', 'select', ''),
('def', 'information_schema', 'FILES', 'DELETED_ROWS', 12, NULL, 'YES', 'bigint', NULL, NULL, 19, 0, NULL, NULL, 'bigint(4)', '', '', 'select', ''),
('def', 'information_schema', 'FILES', 'UPDATE_COUNT', 13, NULL, 'YES', 'bigint', NULL, NULL, 19, 0, NULL, NULL, 'bigint(4)', '', '', 'select', ''),
('def', 'information_schema', 'FILES', 'FREE_EXTENTS', 14, NULL, 'YES', 'bigint', NULL, NULL, 19, 0, NULL, NULL, 'bigint(4)', '', '', 'select', ''),
('def', 'information_schema', 'FILES', 'TOTAL_EXTENTS', 15, NULL, 'YES', 'bigint', NULL, NULL, 19, 0, NULL, NULL, 'bigint(4)', '', '', 'select', ''),
('def', 'information_schema', 'FILES', 'EXTENT_SIZE', 16, '0', 'NO', 'bigint', NULL, NULL, 19, 0, NULL, NULL, 'bigint(4)', '', '', 'select', ''),
('def', 'information_schema', 'FILES', 'INITIAL_SIZE', 17, NULL, 'YES', 'bigint', NULL, NULL, 20, 0, NULL, NULL, 'bigint(21) unsigned', '', '', 'select', ''),
('def', 'information_schema', 'FILES', 'MAXIMUM_SIZE', 18, NULL, 'YES', 'bigint', NULL, NULL, 20, 0, NULL, NULL, 'bigint(21) unsigned', '', '', 'select', ''),
('def', 'information_schema', 'FILES', 'AUTOEXTEND_SIZE', 19, NULL, 'YES', 'bigint', NULL, NULL, 20, 0, NULL, NULL, 'bigint(21) unsigned', '', '', 'select', ''),
('def', 'information_schema', 'FILES', 'CREATION_TIME', 20, NULL, 'YES', 'datetime', NULL, NULL, NULL, NULL, NULL, NULL, 'datetime', '', '', 'select', ''),
('def', 'information_schema', 'FILES', 'LAST_UPDATE_TIME', 21, NULL, 'YES', 'datetime', NULL, NULL, NULL, NULL, NULL, NULL, 'datetime', '', '', 'select', ''),
('def', 'information_schema', 'FILES', 'LAST_ACCESS_TIME', 22, NULL, 'YES', 'datetime', NULL, NULL, NULL, NULL, NULL, NULL, 'datetime', '', '', 'select', ''),
('def', 'information_schema', 'FILES', 'RECOVER_TIME', 23, NULL, 'YES', 'bigint', NULL, NULL, 19, 0, NULL, NULL, 'bigint(4)', '', '', 'select', ''),
('def', 'information_schema', 'FILES', 'TRANSACTION_COUNTER', 24, NULL, 'YES', 'bigint', NULL, NULL, 19, 0, NULL, NULL, 'bigint(4)', '', '', 'select', ''),
('def', 'information_schema', 'FILES', 'VERSION', 25, NULL, 'YES', 'bigint', NULL, NULL, 20, 0, NULL, NULL, 'bigint(21) unsigned', '', '', 'select', ''),
('def', 'information_schema', 'FILES', 'ROW_FORMAT', 26, NULL, 'YES', 'varchar', 10, 30, NULL, NULL, 'utf8', 'utf8_general_ci', 'varchar(10)', '', '', 'select', ''),
('def', 'information_schema', 'FILES', 'TABLE_ROWS', 27, NULL, 'YES', 'bigint', NULL, NULL, 20, 0, NULL, NULL, 'bigint(21) unsigned', '', '', 'select', ''),
('def', 'information_schema', 'FILES', 'AVG_ROW_LENGTH', 28, NULL, 'YES', 'bigint', NULL, NULL, 20, 0, NULL, NULL, 'bigint(21) unsigned', '', '', 'select', ''),
('def', 'information_schema', 'FILES', 'DATA_LENGTH', 29, NULL, 'YES', 'bigint', NULL, NULL, 20, 0, NULL, NULL, 'bigint(21) unsigned', '', '', 'select', ''),
('def', 'information_schema', 'FILES', 'MAX_DATA_LENGTH', 30, NULL, 'YES', 'bigint', NULL, NULL, 20, 0, NULL, NULL, 'bigint(21) unsigned', '', '', 'select', ''),
('def', 'information_schema', 'FILES', 'INDEX_LENGTH', 31, NULL, 'YES', 'bigint', NULL, NULL, 20, 0, NULL, NULL, 'bigint(21) unsigned', '', '', 'select', ''),
('def', 'information_schema', 'FILES', 'DATA_FREE', 32, NULL, 'YES', 'bigint', NULL, NULL, 20, 0, NULL, NULL, 'bigint(21) unsigned', '', '', 'select', ''),
('def', 'information_schema', 'FILES', 'CREATE_TIME', 33, NULL, 'YES', 'datetime', NULL, NULL, NULL, NULL, NULL, NULL, 'datetime', '', '', 'select', ''),
('def', 'information_schema', 'FILES', 'UPDATE_TIME', 34, NULL, 'YES', 'datetime', NULL, NULL, NULL, NULL, NULL, NULL, 'datetime', '', '', 'select', ''),
('def', 'information_schema', 'FILES', 'CHECK_TIME', 35, NULL, 'YES', 'datetime', NULL, NULL, NULL, NULL, NULL, NULL, 'datetime', '', '', 'select', ''),
('def', 'information_schema', 'FILES', 'CHECKSUM', 36, NULL, 'YES', 'bigint', NULL, NULL, 20, 0, NULL, NULL, 'bigint(21) unsigned', '', '', 'select', ''),
('def', 'information_schema', 'FILES', 'STATUS', 37, '', 'NO', 'varchar', 20, 60, NULL, NULL, 'utf8', 'utf8_general_ci', 'varchar(20)', '', '', 'select', ''),
('def', 'information_schema', 'FILES', 'EXTRA', 38, NULL, 'YES', 'varchar', 255, 765, NULL, NULL, 'utf8', 'utf8_general_ci', 'varchar(255)', '', '', 'select', ''),
('def', 'information_schema', 'GLOBAL_STATUS', 'VARIABLE_NAME', 1, '', 'NO', 'varchar', 64, 192, NULL, NULL, 'utf8', 'utf8_general_ci', 'varchar(64)', '', '', 'select', ''),
('def', 'information_schema', 'GLOBAL_STATUS', 'VARIABLE_VALUE', 2, NULL, 'YES', 'varchar', 1024, 3072, NULL, NULL, 'utf8', 'utf8_general_ci', 'varchar(1024)', '', '', 'select', ''),
('def', 'information_schema', 'GLOBAL_VARIABLES', 'VARIABLE_NAME', 1, '', 'NO', 'varchar', 64, 192, NULL, NULL, 'utf8', 'utf8_general_ci', 'varchar(64)', '', '', 'select', ''),
('def', 'information_schema', 'GLOBAL_VARIABLES', 'VARIABLE_VALUE', 2, NULL, 'YES', 'varchar', 1024, 3072, NULL, NULL, 'utf8', 'utf8_general_ci', 'varchar(1024)', '', '', 'select', ''),
('def', 'information_schema', 'KEY_COLUMN_USAGE', 'CONSTRAINT_CATALOG', 1, '', 'NO', 'varchar', 512, 1536, NULL, NULL, 'utf8', 'utf8_general_ci', 'varchar(512)', '', '', 'select', ''),
('def', 'information_schema', 'KEY_COLUMN_USAGE', 'CONSTRAINT_SCHEMA', 2, '', 'NO', 'varchar', 64, 192, NULL, NULL, 'utf8', 'utf8_general_ci', 'varchar(64)', '', '', 'select', ''),
('def', 'information_schema', 'KEY_COLUMN_USAGE', 'CONSTRAINT_NAME', 3, '', 'NO', 'varchar', 64, 192, NULL, NULL, 'utf8', 'utf8_general_ci', 'varchar(64)', '', '', 'select', ''),
('def', 'information_schema', 'KEY_COLUMN_USAGE', 'TABLE_CATALOG', 4, '', 'NO', 'varchar', 512, 1536, NULL, NULL, 'utf8', 'utf8_general_ci', 'varchar(512)', '', '', 'select', ''),
('def', 'information_schema', 'KEY_COLUMN_USAGE', 'TABLE_SCHEMA', 5, '', 'NO', 'varchar', 64, 192, NULL, NULL, 'utf8', 'utf8_general_ci', 'varchar(64)', '', '', 'select', ''),
('def', 'information_schema', 'KEY_COLUMN_USAGE', 'TABLE_NAME', 6, '', 'NO', 'varchar', 64, 192, NULL, NULL, 'utf8', 'utf8_general_ci', 'varchar(64)', '', '', 'select', ''),
('def', 'information_schema', 'KEY_COLUMN_USAGE', 'COLUMN_NAME', 7, '', 'NO', 'varchar', 64, 192, NULL, NULL, 'utf8', 'utf8_general_ci', 'varchar(64)', '', '', 'select', ''),
('def', 'information_schema', 'KEY_COLUMN_USAGE', 'ORDINAL_POSITION', 8, '0', 'NO', 'bigint', NULL, NULL, 19, 0, NULL, NULL, 'bigint(10)', '', '', 'select', ''),
('def', 'information_schema', 'KEY_COLUMN_USAGE', 'POSITION_IN_UNIQUE_CONSTRAINT', 9, NULL, 'YES', 'bigint', NULL, NULL, 19, 0, NULL, NULL, 'bigint(10)', '', '', 'select', ''),
('def', 'information_schema', 'KEY_COLUMN_USAGE', 'REFERENCED_TABLE_SCHEMA', 10, NULL, 'YES', 'varchar', 64, 192, NULL, NULL, 'utf8', 'utf8_general_ci', 'varchar(64)', '', '', 'select', ''),
('def', 'information_schema', 'KEY_COLUMN_USAGE', 'REFERENCED_TABLE_NAME', 11, NULL, 'YES', 'varchar', 64, 192, NULL, NULL, 'utf8', 'utf8_general_ci', 'varchar(64)', '', '', 'select', ''),
('def', 'information_schema', 'KEY_COLUMN_USAGE', 'REFERENCED_COLUMN_NAME', 12, NULL, 'YES', 'varchar', 64, 192, NULL, NULL, 'utf8', 'utf8_general_ci', 'varchar(64)', '', '', 'select', ''),
('def', 'information_schema', 'PARAMETERS', 'SPECIFIC_CATALOG', 1, '', 'NO', 'varchar', 512, 1536, NULL, NULL, 'utf8', 'utf8_general_ci', 'varchar(512)', '', '', 'select', ''),
('def', 'information_schema', 'PARAMETERS', 'SPECIFIC_SCHEMA', 2, '', 'NO', 'varchar', 64, 192, NULL, NULL, 'utf8', 'utf8_general_ci', 'varchar(64)', '', '', 'select', ''),
('def', 'information_schema', 'PARAMETERS', 'SPECIFIC_NAME', 3, '', 'NO', 'varchar', 64, 192, NULL, NULL, 'utf8', 'utf8_general_ci', 'varchar(64)', '', '', 'select', ''),
('def', 'information_schema', 'PARAMETERS', 'ORDINAL_POSITION', 4, '0', 'NO', 'int', NULL, NULL, 10, 0, NULL, NULL, 'int(21)', '', '', 'select', ''),
('def', 'information_schema', 'PARAMETERS', 'PARAMETER_MODE', 5, NULL, 'YES', 'varchar', 5, 15, NULL, NULL, 'utf8', 'utf8_general_ci', 'varchar(5)', '', '', 'select', ''),
('def', 'information_schema', 'PARAMETERS', 'PARAMETER_NAME', 6, NULL, 'YES', 'varchar', 64, 192, NULL, NULL, 'utf8', 'utf8_general_ci', 'varchar(64)', '', '', 'select', ''),
('def', 'information_schema', 'PARAMETERS', 'DATA_TYPE', 7, '', 'NO', 'varchar', 64, 192, NULL, NULL, 'utf8', 'utf8_general_ci', 'varchar(64)', '', '', 'select', ''),
('def', 'information_schema', 'PARAMETERS', 'CHARACTER_MAXIMUM_LENGTH', 8, NULL, 'YES', 'int', NULL, NULL, 10, 0, NULL, NULL, 'int(21)', '', '', 'select', ''),
('def', 'information_schema', 'PARAMETERS', 'CHARACTER_OCTET_LENGTH', 9, NULL, 'YES', 'int', NULL, NULL, 10, 0, NULL, NULL, 'int(21)', '', '', 'select', ''),
('def', 'information_schema', 'PARAMETERS', 'NUMERIC_PRECISION', 10, NULL, 'YES', 'int', NULL, NULL, 10, 0, NULL, NULL, 'int(21)', '', '', 'select', ''),
('def', 'information_schema', 'PARAMETERS', 'NUMERIC_SCALE', 11, NULL, 'YES', 'int', NULL, NULL, 10, 0, NULL, NULL, 'int(21)', '', '', 'select', ''),
('def', 'information_schema', 'PARAMETERS', 'CHARACTER_SET_NAME', 12, NULL, 'YES', 'varchar', 64, 192, NULL, NULL, 'utf8', 'utf8_general_ci', 'varchar(64)', '', '', 'select', ''),
('def', 'information_schema', 'PARAMETERS', 'COLLATION_NAME', 13, NULL, 'YES', 'varchar', 64, 192, NULL, NULL, 'utf8', 'utf8_general_ci', 'varchar(64)', '', '', 'select', ''),
('def', 'information_schema', 'PARAMETERS', 'DTD_IDENTIFIER', 14, NULL, 'NO', 'longtext', 4294967295, 4294967295, NULL, NULL, 'utf8', 'utf8_general_ci', 'longtext', '', '', 'select', ''),
('def', 'information_schema', 'PARAMETERS', 'ROUTINE_TYPE', 15, '', 'NO', 'varchar', 9, 27, NULL, NULL, 'utf8', 'utf8_general_ci', 'varchar(9)', '', '', 'select', ''),
('def', 'information_schema', 'PARTITIONS', 'TABLE_CATALOG', 1, '', 'NO', 'varchar', 512, 1536, NULL, NULL, 'utf8', 'utf8_general_ci', 'varchar(512)', '', '', 'select', ''),
('def', 'information_schema', 'PARTITIONS', 'TABLE_SCHEMA', 2, '', 'NO', 'varchar', 64, 192, NULL, NULL, 'utf8', 'utf8_general_ci', 'varchar(64)', '', '', 'select', ''),
('def', 'information_schema', 'PARTITIONS', 'TABLE_NAME', 3, '', 'NO', 'varchar', 64, 192, NULL, NULL, 'utf8', 'utf8_general_ci', 'varchar(64)', '', '', 'select', ''),
('def', 'information_schema', 'PARTITIONS', 'PARTITION_NAME', 4, NULL, 'YES', 'varchar', 64, 192, NULL, NULL, 'utf8', 'utf8_general_ci', 'varchar(64)', '', '', 'select', ''),
('def', 'information_schema', 'PARTITIONS', 'SUBPARTITION_NAME', 5, NULL, 'YES', 'varchar', 64, 192, NULL, NULL, 'utf8', 'utf8_general_ci', 'varchar(64)', '', '', 'select', ''),
('def', 'information_schema', 'PARTITIONS', 'PARTITION_ORDINAL_POSITION', 6, NULL, 'YES', 'bigint', NULL, NULL, 20, 0, NULL, NULL, 'bigint(21) unsigned', '', '', 'select', ''),
('def', 'information_schema', 'PARTITIONS', 'SUBPARTITION_ORDINAL_POSITION', 7, NULL, 'YES', 'bigint', NULL, NULL, 20, 0, NULL, NULL, 'bigint(21) unsigned', '', '', 'select', ''),
('def', 'information_schema', 'PARTITIONS', 'PARTITION_METHOD', 8, NULL, 'YES', 'varchar', 18, 54, NULL, NULL, 'utf8', 'utf8_general_ci', 'varchar(18)', '', '', 'select', ''),
('def', 'information_schema', 'PARTITIONS', 'SUBPARTITION_METHOD', 9, NULL, 'YES', 'varchar', 12, 36, NULL, NULL, 'utf8', 'utf8_general_ci', 'varchar(12)', '', '', 'select', ''),
('def', 'information_schema', 'PARTITIONS', 'PARTITION_EXPRESSION', 10, NULL, 'YES', 'longtext', 4294967295, 4294967295, NULL, NULL, 'utf8', 'utf8_general_ci', 'longtext', '', '', 'select', ''),
('def', 'information_schema', 'PARTITIONS', 'SUBPARTITION_EXPRESSION', 11, NULL, 'YES', 'longtext', 4294967295, 4294967295, NULL, NULL, 'utf8', 'utf8_general_ci', 'longtext', '', '', 'select', ''),
('def', 'information_schema', 'PARTITIONS', 'PARTITION_DESCRIPTION', 12, NULL, 'YES', 'longtext', 4294967295, 4294967295, NULL, NULL, 'utf8', 'utf8_general_ci', 'longtext', '', '', 'select', ''),
('def', 'information_schema', 'PARTITIONS', 'TABLE_ROWS', 13, '0', 'NO', 'bigint', NULL, NULL, 20, 0, NULL, NULL, 'bigint(21) unsigned', '', '', 'select', ''),
('def', 'information_schema', 'PARTITIONS', 'AVG_ROW_LENGTH', 14, '0', 'NO', 'bigint', NULL, NULL, 20, 0, NULL, NULL, 'bigint(21) unsigned', '', '', 'select', ''),
('def', 'information_schema', 'PARTITIONS', 'DATA_LENGTH', 15, '0', 'NO', 'bigint', NULL, NULL, 20, 0, NULL, NULL, 'bigint(21) unsigned', '', '', 'select', ''),
('def', 'information_schema', 'PARTITIONS', 'MAX_DATA_LENGTH', 16, NULL, 'YES', 'bigint', NULL, NULL, 20, 0, NULL, NULL, 'bigint(21) unsigned', '', '', 'select', ''),
('def', 'information_schema', 'PARTITIONS', 'INDEX_LENGTH', 17, '0', 'NO', 'bigint', NULL, NULL, 20, 0, NULL, NULL, 'bigint(21) unsigned', '', '', 'select', ''),
('def', 'information_schema', 'PARTITIONS', 'DATA_FREE', 18, '0', 'NO', 'bigint', NULL, NULL, 20, 0, NULL, NULL, 'bigint(21) unsigned', '', '', 'select', ''),
('def', 'information_schema', 'PARTITIONS', 'CREATE_TIME', 19, NULL, 'YES', 'datetime', NULL, NULL, NULL, NULL, NULL, NULL, 'datetime', '', '', 'select', ''),
('def', 'information_schema', 'PARTITIONS', 'UPDATE_TIME', 20, NULL, 'YES', 'datetime', NULL, NULL, NULL, NULL, NULL, NULL, 'datetime', '', '', 'select', ''),
('def', 'information_schema', 'PARTITIONS', 'CHECK_TIME', 21, NULL, 'YES', 'datetime', NULL, NULL, NULL, NULL, NULL, NULL, 'datetime', '', '', 'select', ''),
('def', 'information_schema', 'PARTITIONS', 'CHECKSUM', 22, NULL, 'YES', 'bigint', NULL, NULL, 20, 0, NULL, NULL, 'bigint(21) unsigned', '', '', 'select', ''),
('def', 'information_schema', 'PARTITIONS', 'PARTITION_COMMENT', 23, '', 'NO', 'varchar', 80, 240, NULL, NULL, 'utf8', 'utf8_general_ci', 'varchar(80)', '', '', 'select', ''),
('def', 'information_schema', 'PARTITIONS', 'NODEGROUP', 24, '', 'NO', 'varchar', 12, 36, NULL, NULL, 'utf8', 'utf8_general_ci', 'varchar(12)', '', '', 'select', ''),
('def', 'information_schema', 'PARTITIONS', 'TABLESPACE_NAME', 25, NULL, 'YES', 'varchar', 64, 192, NULL, NULL, 'utf8', 'utf8_general_ci', 'varchar(64)', '', '', 'select', ''),
('def', 'information_schema', 'PLUGINS', 'PLUGIN_NAME', 1, '', 'NO', 'varchar', 64, 192, NULL, NULL, 'utf8', 'utf8_general_ci', 'varchar(64)', '', '', 'select', ''),
('def', 'information_schema', 'PLUGINS', 'PLUGIN_VERSION', 2, '', 'NO', 'varchar', 20, 60, NULL, NULL, 'utf8', 'utf8_general_ci', 'varchar(20)', '', '', 'select', ''),
('def', 'information_schema', 'PLUGINS', 'PLUGIN_STATUS', 3, '', 'NO', 'varchar', 10, 30, NULL, NULL, 'utf8', 'utf8_general_ci', 'varchar(10)', '', '', 'select', ''),
('def', 'information_schema', 'PLUGINS', 'PLUGIN_TYPE', 4, '', 'NO', 'varchar', 80, 240, NULL, NULL, 'utf8', 'utf8_general_ci', 'varchar(80)', '', '', 'select', ''),
('def', 'information_schema', 'PLUGINS', 'PLUGIN_TYPE_VERSION', 5, '', 'NO', 'varchar', 20, 60, NULL, NULL, 'utf8', 'utf8_general_ci', 'varchar(20)', '', '', 'select', ''),
('def', 'information_schema', 'PLUGINS', 'PLUGIN_LIBRARY', 6, NULL, 'YES', 'varchar', 64, 192, NULL, NULL, 'utf8', 'utf8_general_ci', 'varchar(64)', '', '', 'select', ''),
('def', 'information_schema', 'PLUGINS', 'PLUGIN_LIBRARY_VERSION', 7, NULL, 'YES', 'varchar', 20, 60, NULL, NULL, 'utf8', 'utf8_general_ci', 'varchar(20)', '', '', 'select', ''),
('def', 'information_schema', 'PLUGINS', 'PLUGIN_AUTHOR', 8, NULL, 'YES', 'varchar', 64, 192, NULL, NULL, 'utf8', 'utf8_general_ci', 'varchar(64)', '', '', 'select', ''),
('def', 'information_schema', 'PLUGINS', 'PLUGIN_DESCRIPTION', 9, NULL, 'YES', 'longtext', 4294967295, 4294967295, NULL, NULL, 'utf8', 'utf8_general_ci', 'longtext', '', '', 'select', ''),
('def', 'information_schema', 'PLUGINS', 'PLUGIN_LICENSE', 10, NULL, 'YES', 'varchar', 80, 240, NULL, NULL, 'utf8', 'utf8_general_ci', 'varchar(80)', '', '', 'select', ''),
('def', 'information_schema', 'PLUGINS', 'LOAD_OPTION', 11, '', 'NO', 'varchar', 64, 192, NULL, NULL, 'utf8', 'utf8_general_ci', 'varchar(64)', '', '', 'select', ''),
('def', 'information_schema', 'PROCESSLIST', 'ID', 1, '0', 'NO', 'bigint', NULL, NULL, 19, 0, NULL, NULL, 'bigint(4)', '', '', 'select', ''),
('def', 'information_schema', 'PROCESSLIST', 'USER', 2, '', 'NO', 'varchar', 16, 48, NULL, NULL, 'utf8', 'utf8_general_ci', 'varchar(16)', '', '', 'select', ''),
('def', 'information_schema', 'PROCESSLIST', 'HOST', 3, '', 'NO', 'varchar', 64, 192, NULL, NULL, 'utf8', 'utf8_general_ci', 'varchar(64)', '', '', 'select', ''),
('def', 'information_schema', 'PROCESSLIST', 'DB', 4, NULL, 'YES', 'varchar', 64, 192, NULL, NULL, 'utf8', 'utf8_general_ci', 'varchar(64)', '', '', 'select', ''),
('def', 'information_schema', 'PROCESSLIST', 'COMMAND', 5, '', 'NO', 'varchar', 16, 48, NULL, NULL, 'utf8', 'utf8_general_ci', 'varchar(16)', '', '', 'select', ''),
('def', 'information_schema', 'PROCESSLIST', 'TIME', 6, '0', 'NO', 'int', NULL, NULL, 10, 0, NULL, NULL, 'int(7)', '', '', 'select', ''),
('def', 'information_schema', 'PROCESSLIST', 'STATE', 7, NULL, 'YES', 'varchar', 64, 192, NULL, NULL, 'utf8', 'utf8_general_ci', 'varchar(64)', '', '', 'select', ''),
('def', 'information_schema', 'PROCESSLIST', 'INFO', 8, NULL, 'YES', 'longtext', 4294967295, 4294967295, NULL, NULL, 'utf8', 'utf8_general_ci', 'longtext', '', '', 'select', ''),
('def', 'information_schema', 'PROFILING', 'QUERY_ID', 1, '0', 'NO', 'int', NULL, NULL, 10, 0, NULL, NULL, 'int(20)', '', '', 'select', ''),
('def', 'information_schema', 'PROFILING', 'SEQ', 2, '0', 'NO', 'int', NULL, NULL, 10, 0, NULL, NULL, 'int(20)', '', '', 'select', ''),
('def', 'information_schema', 'PROFILING', 'STATE', 3, '', 'NO', 'varchar', 30, 90, NULL, NULL, 'utf8', 'utf8_general_ci', 'varchar(30)', '', '', 'select', ''),
('def', 'information_schema', 'PROFILING', 'DURATION', 4, '0.000000', 'NO', 'decimal', NULL, NULL, 9, 6, NULL, NULL, 'decimal(9,6)', '', '', 'select', ''),
('def', 'information_schema', 'PROFILING', 'CPU_USER', 5, NULL, 'YES', 'decimal', NULL, NULL, 9, 6, NULL, NULL, 'decimal(9,6)', '', '', 'select', ''),
('def', 'information_schema', 'PROFILING', 'CPU_SYSTEM', 6, NULL, 'YES', 'decimal', NULL, NULL, 9, 6, NULL, NULL, 'decimal(9,6)', '', '', 'select', ''),
('def', 'information_schema', 'PROFILING', 'CONTEXT_VOLUNTARY', 7, NULL, 'YES', 'int', NULL, NULL, 10, 0, NULL, NULL, 'int(20)', '', '', 'select', ''),
('def', 'information_schema', 'PROFILING', 'CONTEXT_INVOLUNTARY', 8, NULL, 'YES', 'int', NULL, NULL, 10, 0, NULL, NULL, 'int(20)', '', '', 'select', ''),
('def', 'information_schema', 'PROFILING', 'BLOCK_OPS_IN', 9, NULL, 'YES', 'int', NULL, NULL, 10, 0, NULL, NULL, 'int(20)', '', '', 'select', ''),
('def', 'information_schema', 'PROFILING', 'BLOCK_OPS_OUT', 10, NULL, 'YES', 'int', NULL, NULL, 10, 0, NULL, NULL, 'int(20)', '', '', 'select', ''),
('def', 'information_schema', 'PROFILING', 'MESSAGES_SENT', 11, NULL, 'YES', 'int', NULL, NULL, 10, 0, NULL, NULL, 'int(20)', '', '', 'select', ''),
('def', 'information_schema', 'PROFILING', 'MESSAGES_RECEIVED', 12, NULL, 'YES', 'int', NULL, NULL, 10, 0, NULL, NULL, 'int(20)', '', '', 'select', ''),
('def', 'information_schema', 'PROFILING', 'PAGE_FAULTS_MAJOR', 13, NULL, 'YES', 'int', NULL, NULL, 10, 0, NULL, NULL, 'int(20)', '', '', 'select', ''),
('def', 'information_schema', 'PROFILING', 'PAGE_FAULTS_MINOR', 14, NULL, 'YES', 'int', NULL, NULL, 10, 0, NULL, NULL, 'int(20)', '', '', 'select', ''),
('def', 'information_schema', 'PROFILING', 'SWAPS', 15, NULL, 'YES', 'int', NULL, NULL, 10, 0, NULL, NULL, 'int(20)', '', '', 'select', ''),
('def', 'information_schema', 'PROFILING', 'SOURCE_FUNCTION', 16, NULL, 'YES', 'varchar', 30, 90, NULL, NULL, 'utf8', 'utf8_general_ci', 'varchar(30)', '', '', 'select', ''),
('def', 'information_schema', 'PROFILING', 'SOURCE_FILE', 17, NULL, 'YES', 'varchar', 20, 60, NULL, NULL, 'utf8', 'utf8_general_ci', 'varchar(20)', '', '', 'select', ''),
('def', 'information_schema', 'PROFILING', 'SOURCE_LINE', 18, NULL, 'YES', 'int', NULL, NULL, 10, 0, NULL, NULL, 'int(20)', '', '', 'select', ''),
('def', 'information_schema', 'REFERENTIAL_CONSTRAINTS', 'CONSTRAINT_CATALOG', 1, '', 'NO', 'varchar', 512, 1536, NULL, NULL, 'utf8', 'utf8_general_ci', 'varchar(512)', '', '', 'select', ''),
('def', 'information_schema', 'REFERENTIAL_CONSTRAINTS', 'CONSTRAINT_SCHEMA', 2, '', 'NO', 'varchar', 64, 192, NULL, NULL, 'utf8', 'utf8_general_ci', 'varchar(64)', '', '', 'select', ''),
('def', 'information_schema', 'REFERENTIAL_CONSTRAINTS', 'CONSTRAINT_NAME', 3, '', 'NO', 'varchar', 64, 192, NULL, NULL, 'utf8', 'utf8_general_ci', 'varchar(64)', '', '', 'select', ''),
('def', 'information_schema', 'REFERENTIAL_CONSTRAINTS', 'UNIQUE_CONSTRAINT_CATALOG', 4, '', 'NO', 'varchar', 512, 1536, NULL, NULL, 'utf8', 'utf8_general_ci', 'varchar(512)', '', '', 'select', ''),
('def', 'information_schema', 'REFERENTIAL_CONSTRAINTS', 'UNIQUE_CONSTRAINT_SCHEMA', 5, '', 'NO', 'varchar', 64, 192, NULL, NULL, 'utf8', 'utf8_general_ci', 'varchar(64)', '', '', 'select', ''),
('def', 'information_schema', 'REFERENTIAL_CONSTRAINTS', 'UNIQUE_CONSTRAINT_NAME', 6, NULL, 'YES', 'varchar', 64, 192, NULL, NULL, 'utf8', 'utf8_general_ci', 'varchar(64)', '', '', 'select', ''),
('def', 'information_schema', 'REFERENTIAL_CONSTRAINTS', 'MATCH_OPTION', 7, '', 'NO', 'varchar', 64, 192, NULL, NULL, 'utf8', 'utf8_general_ci', 'varchar(64)', '', '', 'select', ''),
('def', 'information_schema', 'REFERENTIAL_CONSTRAINTS', 'UPDATE_RULE', 8, '', 'NO', 'varchar', 64, 192, NULL, NULL, 'utf8', 'utf8_general_ci', 'varchar(64)', '', '', 'select', ''),
('def', 'information_schema', 'REFERENTIAL_CONSTRAINTS', 'DELETE_RULE', 9, '', 'NO', 'varchar', 64, 192, NULL, NULL, 'utf8', 'utf8_general_ci', 'varchar(64)', '', '', 'select', ''),
('def', 'information_schema', 'REFERENTIAL_CONSTRAINTS', 'TABLE_NAME', 10, '', 'NO', 'varchar', 64, 192, NULL, NULL, 'utf8', 'utf8_general_ci', 'varchar(64)', '', '', 'select', ''),
('def', 'information_schema', 'REFERENTIAL_CONSTRAINTS', 'REFERENCED_TABLE_NAME', 11, '', 'NO', 'varchar', 64, 192, NULL, NULL, 'utf8', 'utf8_general_ci', 'varchar(64)', '', '', 'select', ''),
('def', 'information_schema', 'ROUTINES', 'SPECIFIC_NAME', 1, '', 'NO', 'varchar', 64, 192, NULL, NULL, 'utf8', 'utf8_general_ci', 'varchar(64)', '', '', 'select', ''),
('def', 'information_schema', 'ROUTINES', 'ROUTINE_CATALOG', 2, '', 'NO', 'varchar', 512, 1536, NULL, NULL, 'utf8', 'utf8_general_ci', 'varchar(512)', '', '', 'select', ''),
('def', 'information_schema', 'ROUTINES', 'ROUTINE_SCHEMA', 3, '', 'NO', 'varchar', 64, 192, NULL, NULL, 'utf8', 'utf8_general_ci', 'varchar(64)', '', '', 'select', ''),
('def', 'information_schema', 'ROUTINES', 'ROUTINE_NAME', 4, '', 'NO', 'varchar', 64, 192, NULL, NULL, 'utf8', 'utf8_general_ci', 'varchar(64)', '', '', 'select', ''),
('def', 'information_schema', 'ROUTINES', 'ROUTINE_TYPE', 5, '', 'NO', 'varchar', 9, 27, NULL, NULL, 'utf8', 'utf8_general_ci', 'varchar(9)', '', '', 'select', ''),
('def', 'information_schema', 'ROUTINES', 'DATA_TYPE', 6, '', 'NO', 'varchar', 64, 192, NULL, NULL, 'utf8', 'utf8_general_ci', 'varchar(64)', '', '', 'select', ''),
('def', 'information_schema', 'ROUTINES', 'CHARACTER_MAXIMUM_LENGTH', 7, NULL, 'YES', 'int', NULL, NULL, 10, 0, NULL, NULL, 'int(21)', '', '', 'select', ''),
('def', 'information_schema', 'ROUTINES', 'CHARACTER_OCTET_LENGTH', 8, NULL, 'YES', 'int', NULL, NULL, 10, 0, NULL, NULL, 'int(21)', '', '', 'select', ''),
('def', 'information_schema', 'ROUTINES', 'NUMERIC_PRECISION', 9, NULL, 'YES', 'int', NULL, NULL, 10, 0, NULL, NULL, 'int(21)', '', '', 'select', ''),
('def', 'information_schema', 'ROUTINES', 'NUMERIC_SCALE', 10, NULL, 'YES', 'int', NULL, NULL, 10, 0, NULL, NULL, 'int(21)', '', '', 'select', ''),
('def', 'information_schema', 'ROUTINES', 'CHARACTER_SET_NAME', 11, NULL, 'YES', 'varchar', 64, 192, NULL, NULL, 'utf8', 'utf8_general_ci', 'varchar(64)', '', '', 'select', ''),
('def', 'information_schema', 'ROUTINES', 'COLLATION_NAME', 12, NULL, 'YES', 'varchar', 64, 192, NULL, NULL, 'utf8', 'utf8_general_ci', 'varchar(64)', '', '', 'select', ''),
('def', 'information_schema', 'ROUTINES', 'DTD_IDENTIFIER', 13, NULL, 'YES', 'longtext', 4294967295, 4294967295, NULL, NULL, 'utf8', 'utf8_general_ci', 'longtext', '', '', 'select', ''),
('def', 'information_schema', 'ROUTINES', 'ROUTINE_BODY', 14, '', 'NO', 'varchar', 8, 24, NULL, NULL, 'utf8', 'utf8_general_ci', 'varchar(8)', '', '', 'select', ''),
('def', 'information_schema', 'ROUTINES', 'ROUTINE_DEFINITION', 15, NULL, 'YES', 'longtext', 4294967295, 4294967295, NULL, NULL, 'utf8', 'utf8_general_ci', 'longtext', '', '', 'select', ''),
('def', 'information_schema', 'ROUTINES', 'EXTERNAL_NAME', 16, NULL, 'YES', 'varchar', 64, 192, NULL, NULL, 'utf8', 'utf8_general_ci', 'varchar(64)', '', '', 'select', ''),
('def', 'information_schema', 'ROUTINES', 'EXTERNAL_LANGUAGE', 17, NULL, 'YES', 'varchar', 64, 192, NULL, NULL, 'utf8', 'utf8_general_ci', 'varchar(64)', '', '', 'select', ''),
('def', 'information_schema', 'ROUTINES', 'PARAMETER_STYLE', 18, '', 'NO', 'varchar', 8, 24, NULL, NULL, 'utf8', 'utf8_general_ci', 'varchar(8)', '', '', 'select', ''),
('def', 'information_schema', 'ROUTINES', 'IS_DETERMINISTIC', 19, '', 'NO', 'varchar', 3, 9, NULL, NULL, 'utf8', 'utf8_general_ci', 'varchar(3)', '', '', 'select', ''),
('def', 'information_schema', 'ROUTINES', 'SQL_DATA_ACCESS', 20, '', 'NO', 'varchar', 64, 192, NULL, NULL, 'utf8', 'utf8_general_ci', 'varchar(64)', '', '', 'select', ''),
('def', 'information_schema', 'ROUTINES', 'SQL_PATH', 21, NULL, 'YES', 'varchar', 64, 192, NULL, NULL, 'utf8', 'utf8_general_ci', 'varchar(64)', '', '', 'select', ''),
('def', 'information_schema', 'ROUTINES', 'SECURITY_TYPE', 22, '', 'NO', 'varchar', 7, 21, NULL, NULL, 'utf8', 'utf8_general_ci', 'varchar(7)', '', '', 'select', ''),
('def', 'information_schema', 'ROUTINES', 'CREATED', 23, '0000-00-00 00:00:00', 'NO', 'datetime', NULL, NULL, NULL, NULL, NULL, NULL, 'datetime', '', '', 'select', ''),
('def', 'information_schema', 'ROUTINES', 'LAST_ALTERED', 24, '0000-00-00 00:00:00', 'NO', 'datetime', NULL, NULL, NULL, NULL, NULL, NULL, 'datetime', '', '', 'select', ''),
('def', 'information_schema', 'ROUTINES', 'SQL_MODE', 25, '', 'NO', 'varchar', 8192, 24576, NULL, NULL, 'utf8', 'utf8_general_ci', 'varchar(8192)', '', '', 'select', '')